 riverroads whoever the contractors are that obama is trying 2 silence man the fuck up america has ur back speak out ,?
 victorb123 earlpdxpearl that is it obama takes credit as usual anything for a vote im waiting for him to announce rental car program now,?
 kurtschlichter i am a conservative i have a romney phone its an iphone i bought using money i earned working caring cc denni ,?
 mssidara debate on wednesday gt gt gt obama vs romney,?
 bobestespga if president obama was at the ryder cup would he try to take some of the points from the americans amp give them to ,?
 connewsnow grenell congress must immediately hold hearings on libya to prevent obamas coverup p2 tcot,?
 lajollaprincess the bungling of the libyan consulate now qualifies as a cover up by the obama administration its pathetic,?
 pambesteder whydidthechickencrosstheroad mitt i sent the chicken 2 begin producing eggs to help recover from the last 4 yrs of th ,?
 bobestespga if president obama was at the ryder cup would he try to take some of the points from the americans amp give them to ,?
look left ed and the 2015 election is yours labourleft,?
 obeylifequotes_ if obama doesnt win im fucked u fucked ya niggas in the pin fucked ya grandma fucked ya mama fucked ya daddy ,?
the one romney yard sign ive seen has been pulled by the home owner funny how the 47 gets all worked up over things said in quiet rooms !,?
 paulryanvp this election is a choice 4 more years of the same policies with the same results or we can put our country on a path ,?
hahaha just kidding now that all of our halloween decorations are up ill just say the romney sign is part of the decorations ,?
samuel l jackson to voters wake the f ck up and vote obama video via huffingtonpost,?
 therreport new ywca sponsored poll obama leading romney among women by a stunning 18 points 49 to 31 ! ! !,?
assisti a the new normal obama mama s1ep4 orangotag,?
 hopenchangefail if im netanyahu amp ive decided if nothing changes ill bomb iran id do it right b4 nov 6 us voters w go rom ,?
 ricksantorum today at 4 pm edt ill be in barnesville oh for a romney victory rally !,?
 mtsuneishi mtsuneishi when you run for president you run on your record when obama runs for president he runs away from his record ,?
 reaganworld if we want ambassador rice to resign we need to fire obama ,?
 demsforprogress mitt romney is not fit to be president at,?
 conservativeind elizabeth warren is nothing more than an obama carpetbagger at least brown is from ma mapoli masen twisters,?
 newsninja2012 what romney needs to say on wed night is i am running against obama and the media help me defeat both in november ,?
 biggovt limbaugh obama blocking fbi from libya crime scene two weeks after islamists murdered u s ambassador chris st ,?
extremist comment about president obama on the las vegas review journal website p2?,?
daily kos hell to pay ann romney thinks shes suffered lets make her suffer metaphorically via dailykos?,?
tweeting from my obama phone !,?
 wiblatt wie aus franz strohsack frank stronach wurde magna founder and runner for austrian election,?
did arabs fund obama at harvard part 2 ?,?
mitt romney buys followers lol,?
 onechele only4rm i agree and i think if hes re elected we need to hold him accountable in a big way no more re election concerns ,?
 kurtschlichter i am a conservative i have a romney phone its an iphone i bought using money i earned working caring cc denni ,?
dont fuck with the ffafou america ffafou good bye new york and usa warn u next time am here obama will be still running d c ! ! ! ! !,?
 soopermexican genius ladyliberty01 obama intel briefing emptychair,?
jay z wants less government but supports obama because he amp 8217 s black,?
 truthteam2012 obama has no corporate or leadership experience thus the reason he has failed us ,?
 marylaurenguess my theatre director from high school wrote a show called the election and theyre performing it tonight !,?
 lajollaprincess instapundit to be honest if you were paying attention in 2007 it was obvious that obama could not be trusted ,?
the election gridlock and grenades forbes,?
instead of obama screamin out 2chainz he cn scream out 2 teeerrrrrmmmmmssssss lls ! ! ! ! ! ! ! ! ! ! !,?
agree expats too timoreilly dont let election go by without taking a stand make sure youre registered to vote ! !,?
 exodus_2011 redstate do you also have a report on romneys interview with univision so we can hear what he told spanish speakers ?,?
uploaded videos playlist via youtube vote for dr barbara bellar illinois strong against obama care must listen! ! !,?
mitt romneys crocodile tears via youtube,?
her we got an er admission for you yes its kind of a scam admission me obama scam or jimmy carter scam her obama probably ?,?
 loyal_quise checkout jgudtheone new song barack obama j gud ft joey nelson via youtube nosleepworld o ,?
mitt romney has his debate zingers all ready to go nymag tcot,?
 patsyroussel was paul ryan the biggest mistake mitt romney ever made looks that way via sharethis?,?
lol every body sayy you look like obama since you ve got your hair cut df ! ? ?,?
omg i just laughed so hard hahahahahahaah obama dooop,?
what do soros abu dhabi and barack obama have in common ?,?
no matter what he says romney follows ryan and his marvelous ryan budget screwing the working poor seniors dis vets and the rest of us,?
 jculli if romney win im moving to canada no bullshit ,?
romney blames obama for mideast chaos,?
 dittowatch pollthis fact most voters think mitt romney is hiding some damning things in his tax returns how many way more than ?,?
ann romney mitt might go mental if elected president the peoples view ,?
 conservativequo ive made an anti obama ad based on apples famous 1984 mac commercial check it out and reweet !,?
god almighty if you thought mitt romney was bad look at bob dole what the hell were the gop thinking theclintons?,?
msnbc caught using edited clip from rally to attack mitt romney via examinercom,?
 tbogg it would be awesome if obama said willard please every time romney lied in the debates also eye rolling ,?
 fillwerrell jay z and beyonce had a 4 million dollar dinner with barack obama wtf did they eat fresh dinosaur ? ?,?
 boycotkochbros a fox news poll obama with a 48 percent 43 percent national lead ,?
if obama passes marchel law im moving to europe that kind of shit makes me no longer want to be a us citizen,?
 prettyblacc_ vote obama 2012,?
1 million ohioans using free phone program tcot obama teaparty democrats libertarian independent gop tlot,?
 johnggalt retweet if you think obama has failed as president ,?
this is in my front yard right now no my obama car magnet better come in soon ,?
 pepper_10 connewsnow school cafeteria employee seconds banned extra food thrown away under obamas idiotic rules ,?
 smokey_herring leftoflondon maybe mitt will throw a spoiled brat tantrum on stage during the debate that would be great lol! !,?
 iamfonda please retweet this for president obama add your name to stop republican voter suppression take t ,?
 spreadbutter mittromney ask obama to show his college transcripts he refuses to release them to the public romneydebatelines,?
matalin question in voters minds they dont know enough about romney fpaexperience,?
 fillwerrell jay z and beyonce had a 4 million dollar dinner with barack obama wtf did they eat fresh dinosaur ? ?,?
 mother jones is dropping these romney secret recordings with the frequency of hip hop mix tapes charlesmblow,?
when will the gop man up and start getting tough on obama the media and the far left tcot?,?
obama denies airpower to u s forces in afghanistan because hes concerned it might anger afghans,?
i liked a youtube video samuel l jackson wake the fuck up barack obama ad,?
 pambesteder obama i provide free contraceptives to chickens less baby chickens means less traffic jams and thus more fuels efficiency ,?
matalin romney must explain what his presidency would like like during debates actually he should have done that long ago fpaexperience,?
